[{"id":"1","task_name":"Gas Filling ","task_description":"Best Service Available in the town","task_price":"450","created_at":"2023-03-25 22:34:56"}][{"id":"2","task_name":"AC Cleaning ","task_description":"Best Service Available in the town","task_price":"340","created_at":"2023-03-25 22:34:56"}][{"id":"1","task_name":"Gas Filling ","task_description":"Best Service Available in the town","task_price":"450","created_at":"2023-03-25 22:34:56"}][{"id":"2","task_name":"AC Cleaning ","task_description":"Best Service Available in the town","task_price":"340","created_at":"2023-03-25 22:34:56"}]