[{"Id":"60","Name":"Air Conditioner Service","DisplayPriority":"1","ServiceUrl":"ac-service","url":"ac-service-in-sitapur","title":"AC Service in Sitapur"},{"Id":"81","Name":"Water Purifier Service","DisplayPriority":"2","ServiceUrl":"ro-service","url":"ro-service-in-sitapur","title":"RO Service in Sitapur"},{"Id":"58","Name":"Refrigerator Repair","DisplayPriority":"3","ServiceUrl":"fridge-repair","url":"fridge-repair-in-sitapur","title":"Fridge repair in Sitapur"},{"Id":"66","Name":"Washing Machine Repair","DisplayPriority":"5","ServiceUrl":"washing-machine-repair-service","url":"washing-machine-repair-in-sitapur","title":"Washing Machine Repair in Sitapur"},{"Id":"65","Name":"Electrician","DisplayPriority":"5","ServiceUrl":"electrician","url":"electrician-in-sitapur","title":"Electrician in Sitapur"},{"Id":"55","Name":"Air Conditioner Repair","DisplayPriority":"6","ServiceUrl":"ac-repair","url":"ac-repair-in-sitapur","title":"AC Repair in Sitapur"},{"Id":"67","Name":"Microwave Repair","DisplayPriority":"7","ServiceUrl":"microwave-repair","url":"microwave-repair-in-sitapur","title":"Microwave Repair in Sitapur"},{"Id":"69","Name":"Laptop Repair","DisplayPriority":"8","ServiceUrl":"laptop-repair","url":"laptop-repair-in-sitapur","title":"Laptop Repair in Sitapur"},{"Id":"71","Name":"CCTV Repair Service","DisplayPriority":"9","ServiceUrl":"cctv-repair","url":"cctv-repair-service-in-sitapur","title":"CCTV Repair Service in sitapur"},{"Id":"72","Name":"Deep freezer Repair","DisplayPriority":"11","ServiceUrl":"deep-freezer-repair","url":"deep-freezer-repair-in-sitapur","title":"Deep freezer Repair in Sitapur"},{"Id":"74","Name":"Water Dispenser Repair","DisplayPriority":"13","ServiceUrl":"water-dispenser-repair","url":"water-dispenser-repair-in-sitapur","title":"Water Dispenser Repair in Sitapur"},{"Id":"73","Name":"Water Cooler Repair","DisplayPriority":"14","ServiceUrl":"water-cooler-repair","url":"water-cooler-repair-in-sitapur","title":"Water Cooler Repair in Sitapur"},{"Id":"75","Name":"Printer Repair","DisplayPriority":"15","ServiceUrl":"printer-repair","url":"printer-repair-in-sitapur","title":"Printer Repair in Sitapur"},{"Id":"76","Name":"Pandit Service","DisplayPriority":"16","ServiceUrl":"pandit-service","url":"pandit-service-in-sitapur","title":"Pandit Service in Sitapur"},{"Id":"70","Name":"Desktop Repair","DisplayPriority":"17","ServiceUrl":"desktop-repair","url":"desktop-repair-in-sitapur","title":"Desktop Repair in Sitapur"},{"Id":"77","Name":"Balloon Decoration","DisplayPriority":"18","ServiceUrl":"balloon-decoration","url":"balloon-decoration-in-sitapur","title":"Balloon Decoration in Sitapur"},{"Id":"57","Name":"Water Purifier Repair","DisplayPriority":"20","ServiceUrl":"ro-repair","url":"ro-repair-in-sitapur","title":"RO Repair in Sitapur"},{"Id":"68","Name":"Geyser Repair","DisplayPriority":"20","ServiceUrl":"geyser-repair","url":"geyser-repair-in-sitapur","title":"Geyser Repair in Sitapur"},{"Id":"90","Name":"Refrigerator Service","DisplayPriority":"26","ServiceUrl":"refrigerator-service","url":"fridge-service-in-sitapur","title":"Fridge Service in Sitapur"},{"Id":"94","Name":"Geyser Service","DisplayPriority":"32","ServiceUrl":"geyser-service","url":"geyser-service-in-sitapur","title":"Geyser Service in Sitapur"},{"Id":"95","Name":"Computer Repair","DisplayPriority":"33","ServiceUrl":"computer-repair","url":"computer-repair-in-sitapur","title":"Computer Repair in Sitapur"}]