[{"id":"1","service":"AC Service","sub_service":"Split AC Service","task_name":"Gas Filling","remarks":"Very Nice Cleaning and Smooth experience with Onepoint","customer_name":"Mr Ashish Dixit","customer_image":"customer1.webp","location":"Lucknow","area":"Gomti Nagar","service_id":"60","created-at":"2023-04-01 21:34:13"},{"id":"2","service":"AC Service","sub_service":"Window AC Service","task_name":"AC Cleaning","remarks":"Very Nice Cleaning and Smooth experience with Onepoint","customer_name":"Mr Sunjay Roy","customer_image":"customer1.webp","location":"Kanpur","area":"Kalyanpur","service_id":"60","created-at":"2023-04-01 21:34:13"}]