[{"ID":"41","service_id":"60","title":"Haier AC Service","image":"haier.png","url":"https:\/\/onepointservices.co.in\/repair-service\/haier-air-conditioner-service-centre-near-me"},{"ID":"42","service_id":"60","title":"Daikin AC Service","image":"daikin.png","url":"https:\/\/onepointservices.co.in\/repair-service\/daikin-air-conditioner-service-center-near-me"},{"ID":"43","service_id":"60","title":"Voltas AC Service","image":"voltas.png","url":"https:\/\/onepointservices.co.in\/repair-service\/voltas-air-conditioner-service-center-near-me"},{"ID":"44","service_id":"60","title":"LG AC Service","image":"lg.png","url":"https:\/\/onepointservices.co.in\/repair-service\/lg-air-conditioner-service-center-near-me"},{"ID":"45","service_id":"60","title":"Blue Star AC Service","image":"blue star.png","url":"https:\/\/onepointservices.co.in\/repair-service\/blue-star-air-conditioner-service-center-near-me\t\t"},{"ID":"46","service_id":"60","title":"Hitachi AC Service","image":"hitachi.png","url":"https:\/\/onepointservices.co.in\/repair-service\/hitachi-air-conditioner-service-center-near-me"},{"ID":"47","service_id":"60","title":"Samsung AC Service","image":"samsung.png","url":"https:\/\/onepointservices.co.in\/repair-service\/samsung-air-conditioner-service-center-near-me"},{"ID":"48","service_id":"60","title":"Carrier AC Service","image":"carrier.png","url":"https:\/\/onepointservices.co.in\/repair-service\/carrier-air-conditioner-service-center-near-me"},{"ID":"49","service_id":"60","title":"Mitsubishi AC Service","image":"mitsubishi.png","url":"https:\/\/onepointservices.co.in\/repair-service\/mitsubishi-air-conditioner-service-center-near-me"},{"ID":"181","service_id":"60","title":"Panasonic AC Service","image":"panasonic.png","url":"https:\/\/onepointservices.co.in\/repair-service\/panasonic-air-conditioner-service-center-near-me"},{"ID":"182","service_id":"60","title":"Whirlpool AC Service","image":"whirlpool.png","url":"https:\/\/onepointservices.co.in\/repair-service\/whirlpool-air-conditioner-service-center-near-me"},{"ID":"183","service_id":"60","title":"Lloyd AC Service","image":"lloyd.png","url":"https:\/\/onepointservices.co.in\/repair-service\/lloyd-air-conditioner-service-center-near-me"},{"ID":"184","service_id":"60","title":"Videocon AC Service","image":"videocon.png","url":"https:\/\/onepointservices.co.in\/repair-service\/videocon-air-conditioner-service-center-near-me"},{"ID":"185","service_id":"60","title":"O General AC Service","image":"o general.png","url":"https:\/\/onepointservices.co.in\/repair-service\/o-general-air-conditioner-service-center-near-me"},{"ID":"186","service_id":"60","title":"Marq AC Service","image":"b.php","url":"https:\/\/onepointservices.co.in\/repair-service\/marq-air-conditioner-service-center-near-me"}]