[{"id":"5","name":"Alok Verma","location":"Sitapur","rating":"4.2","job_completed":"22","expertise":"AC Cleaning, Gas Filling","image":"customer1.webp"},{"id":"6","name":"Kamal Verma","location":"Sitapur","rating":"3.2","job_completed":"8","expertise":"Wiring, Fan Repair","image":"customer1.webp"},{"id":"7","name":"Rajeev Singh","location":"Sitapur","rating":"4.3","job_completed":"10","expertise":"Wiring, Fan Repair, Motor Filling","image":"customer1.webp"},{"id":"8","name":"Sunjay Kumar","location":"Sitapur","rating":"3.2","job_completed":"5","expertise":"AC Cleaning, Gas Filling, AC Installation","image":"customer1.webp"}]