[{"ID":"10","client_name":"Vaibhav Saxena","review":"I took AC service from One Point .They are quick and very responsive. Thank you","client_image":"vaibhav-saxena512609662.png","service_id":"60","random_page":"0","location_service":null,"added_on":"2022-02-27 12:46:00","area":"","rating":"0"},{"ID":"715","client_name":"Raman","review":"Maine Apne AC ki Servicing ke liye One Point pe booking ki thi. One of the best AC Repair Service near me.","client_image":"raman627997827.jpeg","service_id":"60","random_page":"0","location_service":"0","added_on":"2022-04-09 04:05:33","area":"","rating":"0"},{"ID":"716","client_name":"Saurabh","review":"I have taken AC Service for my AC. They are quick and provide best solution for AC repair. Fully satisfied with their ac service.","client_image":"saurabh1856410568.jpeg","service_id":"60","random_page":"0","location_service":"0","added_on":"2022-04-09 04:07:36","area":"","rating":"0"},{"ID":"717","client_name":"Siddhant ","review":"In this pandemic time my ac sudden stop working . I called One Point Services for my AC Repair Service. They provide best and satisfactory AC Service near me.","client_image":"siddhant-1592309948.jpeg","service_id":"60","random_page":"0","location_service":"0","added_on":"2022-04-09 04:09:34","area":"","rating":"0"},{"ID":"718","client_name":"Vishal","review":"Its was difficult to find the good technician for my AC Service. One Point services provided me good service and all my issue related to AC repair got resolved.","client_image":"vishal689105201.jpeg","service_id":"60","random_page":"0","location_service":"0","added_on":"2022-04-09 04:11:00","area":"","rating":"0"},{"ID":"1021","client_name":"Arpit Srivastava","review":"My AC was not cooling well enough. I called One Point Services & they resolved my Ac cooling issue. Best & efficient AC Repair in Sitapur.","client_image":"arpit-srivastava2085084965.jpeg","service_id":"60","random_page":"571","location_service":"120","added_on":"2022-05-09 01:42:59","area":"","rating":"0"},{"ID":"1028","client_name":"Ankit Singh","review":"One Point Services k technicians Skilled aur helpful nature k hai. Mai apni Air Conditioner repair se satisfied hu. Best air conditioner customer care repair in sitapur.","client_image":"ankit-singh1566532879.jpeg","service_id":"60","random_page":"571","location_service":"120","added_on":"2022-05-09 02:17:46","area":"","rating":"0"},{"ID":"1047","client_name":"Shivani Mahawar","review":"My fridge was not cooling well enough. I called One Point Services & they solved my fridge cooling issue. Best Fridge Repair in Sitapur.","client_image":"shivani-mahawar1476480140.jpeg","service_id":"60","random_page":"571","location_service":"122","added_on":"2022-05-09 03:43:24","area":"","rating":"0"}]