[{"Id":"60","Name":"Air Conditioner Service","desc_box_h1":"Servicing Types","desc_box_h2":"Servicing Benefits","desc_box_h3":"Steps of Servicing","desc_box_h1_desc":"<p><span style=\"font-family: 'comic sans ms', sans-serif;\">&nbsp; &nbsp; Normal AC Service<\/span><\/p>\r\n<p>&nbsp;<\/p>\r\n<p>&nbsp;<\/p>\r\n<p><span style=\"font-family: 'comic sans ms', sans-serif;\">&nbsp; &nbsp; Jet Pump AC Service<\/span><\/p>\r\n<p>&nbsp;<\/p>\r\n<p>&nbsp;<\/p>\r\n<p><span style=\"font-family: 'comic sans ms', sans-serif;\">&nbsp; &nbsp; Chemical AC Service<\/span><\/p>","desc_box_h2_desc":"<p><span style=\"font-family: 'comic sans ms', sans-serif;\">&nbsp; &nbsp; Provides better air quality<\/span><\/p>\r\n<p>&nbsp;<\/p>\r\n<p><span style=\"font-family: 'comic sans ms', sans-serif;\">&nbsp; &nbsp; Reduce the maintenance cost<\/span><\/p>\r\n<p>&nbsp;<\/p>\r\n<p><span style=\"font-family: 'comic sans ms', sans-serif;\">&nbsp; &nbsp; Prolong the life of the system<\/span><\/p>\r\n<p>&nbsp;<\/p>\r\n<p><span style=\"font-family: 'comic sans ms', sans-serif;\">&nbsp; &nbsp; Reduce the electricity cost<\/span><\/p>","desc_box_h3_desc":"<p><span style=\"font-family: 'comic sans ms', sans-serif;\">&nbsp; &nbsp; Inspection of AC unit<\/span><\/p>\r\n<p>&nbsp;<\/p>\r\n<p>&nbsp;<\/p>\r\n<p><span style=\"font-family: 'comic sans ms', sans-serif;\">&nbsp; &nbsp; Cleaning process<\/span><\/p>\r\n<p>&nbsp;<\/p>\r\n<p>&nbsp;<\/p>\r\n<p><span style=\"font-family: 'comic sans ms', sans-serif;\">&nbsp; &nbsp; Tuneup of AC unit<\/span><\/p>","DisplayPriority":"1","ServiceUrl":"ac-service","url":"ac-service-in-sitapur","title":"AC Service in Sitapur"},{"Id":"81","Name":"Water Purifier Service","desc_box_h1":"Benefits of Servicing","desc_box_h2":"RO Service Steps","desc_box_h3":"","desc_box_h1_desc":"<p><span style=\"font-family: 'comic sans ms', sans-serif;\">&nbsp; &nbsp; Provides better water quality<\/span><\/p>\r\n<p>&nbsp;<\/p>\r\n<p><span style=\"font-family: 'comic sans ms', sans-serif;\">&nbsp; &nbsp; Reduce the maintenance cost<\/span><\/p>\r\n<p>&nbsp;<\/p>\r\n<p><span style=\"font-family: 'comic sans ms', sans-serif;\">&nbsp; &nbsp; Prolong the life of the system<\/span><\/p>\r\n<p>&nbsp;<\/p>\r\n<p><span style=\"font-family: 'comic sans ms', sans-serif;\">&nbsp; &nbsp; Reduce the waste water<\/span><\/p>","desc_box_h2_desc":"<p><span style=\"font-family: 'comic sans ms', sans-serif;\">&nbsp; &nbsp; RO TDS check up<\/span><\/p>\r\n<p>&nbsp;<\/p>\r\n<p><span style=\"font-family: 'comic sans ms', sans-serif;\">&nbsp; &nbsp; RO Water flow inspection<\/span><\/p>\r\n<p>&nbsp;<\/p>\r\n<p><span style=\"font-family: 'comic sans ms', sans-serif;\">&nbsp; &nbsp; RO parts check up \/ cleaning<\/span><\/p>\r\n<p>&nbsp;<\/p>\r\n<p><span style=\"font-family: 'comic sans ms', sans-serif;\">&nbsp; &nbsp; RO parts replacement<\/span><\/p>","desc_box_h3_desc":"","DisplayPriority":"2","ServiceUrl":"ro-service","url":"ro-service-in-sitapur","title":"RO Service in Sitapur"},{"Id":"58","Name":"Refrigerator Repair","desc_box_h1":"Common Issues","desc_box_h2":"Services Offered","desc_box_h3":"","desc_box_h1_desc":"<p><span style=\"font-family: 'comic sans ms', sans-serif;\">&nbsp; Fridge Not Working<\/span><\/p>\r\n<p><span style=\"font-family: 'comic sans ms', sans-serif;\">&nbsp; Fridge not cooling<\/span><\/p>\r\n<p><span style=\"font-family: 'comic sans ms', sans-serif;\">&nbsp; Water leakage issue<\/span><\/p>\r\n<p><span style=\"font-family: 'comic sans ms', sans-serif;\">&nbsp; Freezer not working<\/span><\/p>\r\n<p><span style=\"font-family: 'comic sans ms', sans-serif;\">&nbsp; Door not closing<\/span><\/p>\r\n<p><span style=\"font-family: 'comic sans ms', sans-serif;\">&nbsp; Noise Issue<\/span><\/p>\r\n<p><span style=\"font-family: 'comic sans ms', sans-serif;\">&nbsp; Any other Issue<\/span><\/p>","desc_box_h2_desc":"<p><span style=\"font-family: 'comic sans ms', sans-serif;\">&nbsp; &nbsp; Fridge Repair<\/span><\/p>\r\n<p>&nbsp;<\/p>\r\n<p><span style=\"font-family: 'comic sans ms', sans-serif;\">&nbsp; &nbsp; Fridge Service<\/span><\/p>\r\n<p>&nbsp;<\/p>\r\n<p><span style=\"font-family: 'comic sans ms', sans-serif;\">&nbsp; &nbsp; Fridge Gas Filling<\/span><\/p>\r\n<p>&nbsp;<\/p>\r\n<p><span style=\"font-family: 'comic sans ms', sans-serif;\">&nbsp; &nbsp; Any Other Issue<\/span><\/p>","desc_box_h3_desc":"","DisplayPriority":"3","ServiceUrl":"fridge-repair","url":"fridge-repair-in-sitapur","title":"Fridge repair in Sitapur"},{"Id":"66","Name":"Washing Machine Repair","desc_box_h1":"Common Issues","desc_box_h2":"Services Offered","desc_box_h3":"","desc_box_h1_desc":"<p>&nbsp;<\/p>\r\n<p><span style=\"font-family: 'comic sans ms', sans-serif;\">Washing Machine not working<\/span><\/p>\r\n<p><span style=\"font-family: 'comic sans ms', sans-serif;\">Dryer not working<\/span><\/p>\r\n<p><span style=\"font-family: 'comic sans ms', sans-serif;\">Spinning Issue<\/span><\/p>\r\n<p><span style=\"font-family: 'comic sans ms', sans-serif;\">Button not working<\/span><\/p>\r\n<p><span style=\"font-family: 'comic sans ms', sans-serif;\">Any Other Issue<\/span><\/p>","desc_box_h2_desc":"<p><span style=\"font-family: 'comic sans ms', sans-serif;\">&nbsp; &nbsp; <\/span><\/p>\r\n<p><span style=\"font-family: 'comic sans ms', sans-serif;\">Washing Machine Repair<\/span><\/p>\r\n<p><span style=\"font-family: 'comic sans ms', sans-serif;\">Washing Machine Service<\/span><\/p>\r\n<p><span style=\"font-family: 'comic sans ms', sans-serif;\">Washing Machine Installation<\/span><\/p>\r\n<p><span style=\"font-family: 'comic sans ms', sans-serif;\">Washing Machine Uninstallation<\/span><\/p>\r\n<p><span style=\"font-family: 'comic sans ms', sans-serif;\">Washing Machine Reinstallation<\/span><\/p>\r\n<p><span style=\"font-family: 'comic sans ms', sans-serif;\">Any Other Issue<\/span><\/p>","desc_box_h3_desc":"","DisplayPriority":"5","ServiceUrl":"washing-machine-repair-service","url":"washing-machine-repair-in-sitapur","title":"Washing Machine Repair in Sitapur"},{"Id":"65","Name":"Electrician","desc_box_h1":"","desc_box_h2":"","desc_box_h3":"","desc_box_h1_desc":"","desc_box_h2_desc":"","desc_box_h3_desc":"","DisplayPriority":"5","ServiceUrl":"electrician","url":"electrician-in-sitapur","title":"Electrician in Sitapur"},{"Id":"55","Name":"Air Conditioner Repair","desc_box_h1":"Common Issues","desc_box_h2":"Services offered","desc_box_h3":"","desc_box_h1_desc":"<p style=\"text-align: left;\"><span style=\"font-family: 'comic sans ms', sans-serif;\">&nbsp; &nbsp; AC Not working<\/span><\/p>\r\n<p style=\"text-align: left;\"><span style=\"font-family: 'comic sans ms', sans-serif;\">&nbsp; &nbsp; AC Makes Noise<\/span><\/p>\r\n<p style=\"text-align: left;\"><span style=\"font-family: 'comic sans ms', sans-serif;\">&nbsp; &nbsp; AC Water leakage Issue<\/span><\/p>\r\n<p style=\"text-align: left;\"><span style=\"font-family: 'comic sans ms', sans-serif;\">&nbsp; &nbsp; AC Cooling Issue<\/span><\/p>\r\n<p style=\"text-align: left;\"><span style=\"font-family: 'comic sans ms', sans-serif;\">&nbsp; &nbsp; AC Fans Not Working<\/span><\/p>\r\n<p style=\"text-align: left;\"><span style=\"font-family: 'comic sans ms', sans-serif;\">&nbsp; &nbsp; AC Smell Bad<\/span><\/p>\r\n<p style=\"text-align: left;\"><span style=\"font-family: 'comic sans ms', sans-serif;\">&nbsp; &nbsp; AC Remote Not Working<\/span><\/p>\r\n<p style=\"text-align: left;\"><span style=\"font-family: 'comic sans ms', sans-serif;\">&nbsp; &nbsp; Any Other Issue<\/span><\/p>","desc_box_h2_desc":"<p><span style=\"font-family: 'comic sans ms', sans-serif;\">&nbsp; &nbsp; AC Servicing<\/span><\/p>\r\n<p><span style=\"font-family: 'comic sans ms', sans-serif;\">&nbsp; &nbsp; AC Repairing<\/span><\/p>\r\n<p><span style=\"font-family: 'comic sans ms', sans-serif;\">&nbsp; &nbsp; AC Installation<\/span><\/p>\r\n<p><span style=\"font-family: 'comic sans ms', sans-serif;\">&nbsp; &nbsp; AC Uninstallation<\/span><\/p>\r\n<p><span style=\"font-family: 'comic sans ms', sans-serif;\">&nbsp; &nbsp; AC Reinstallation<\/span><\/p>\r\n<p><span style=\"font-family: 'comic sans ms', sans-serif;\">&nbsp; &nbsp; AC Gas Filling<\/span><\/p>\r\n<p><span style=\"font-family: 'comic sans ms', sans-serif;\">&nbsp; &nbsp; Any Other Service<\/span><\/p>","desc_box_h3_desc":"","DisplayPriority":"6","ServiceUrl":"ac-repair","url":"ac-repair-in-sitapur","title":"AC Repair in Sitapur"}]